{"schemaVersion":"1.0","appDefinitionTemplate":{"id":"/providers/Microsoft.PowerApps/apps/","type":"Microsoft.PowerApps/apps","tags":{"primaryDeviceWidth":"1366","primaryDeviceHeight":"768","supportsPortrait":"false","supportsLandscape":"true","primaryFormFactor":"Tablet","showStatusBar":"false","publisherVersion":"3.25014.16","minimumRequiredApiVersion":"2.2.0","hasComponent":"false","hasUnlockedComponent":"false","isUnifiedRootApp":"false","sienaVersion":"20250214T201325Z-3.25014.16.0"},"properties":{"appVersion":"2025-02-14T20:13:25Z","lifeCycleId":"Published","createdByClientVersion":{"major":3,"minor":25014,"build":16,"revision":0,"majorRevision":0,"minorRevision":0},"minClientVersion":{"major":3,"minor":25014,"build":16,"revision":0,"majorRevision":0,"minorRevision":0},"backgroundColor":"rgba(255, 255, 255, 1)","backgroundImageUri":"/1436885206866144934/N724ff1d5-96aa-44e6-992c-d085da900a98-logoSmallFile","displayName":"Connect 4","description":"","commitMessage":"","appUris":{"documentUri":{"value":"/1436885206866144934/Nb2b6fd6b-f918-4793-87a8-0253b5c44812-document.msapp"},"imageUris":[],"additionalUris":[{"isSolutionAware":false,"value":"/1436885206866144934/Nbd0d2e42-1deb-438a-9ac4-e6fe7f909c76-identity.json"}]},"createdTime":"0001-01-01T00:00:00Z","lastModifiedTime":"0001-01-01T00:00:00Z","sharedGroupsCount":0,"sharedUsersCount":0,"connectionReferences":{},"databaseReferences":{},"almMode":"Solution","performanceOptimizationEnabled":false,"canConsumeAppPass":false,"enableModernRuntimeMode":false,"executionRestrictions":{"isTeamsOnly":false,"dataLossPreventionEvaluationResult":{"status":"Compliant","lastEvaluationDate":"2025-02-11T18:47:40.8218113Z","violations":[],"violationsByPolicy":[],"violationErrorMessage":"The app uses the following connectors: ."}}},"isAppComponentLibrary":false,"appType":"ClassicCanvasApp","appComponents":[]}}